,Plus,Minus
A,0.24044813512297616,0.23997699551383594
T,0.24050348176049022,0.24027925479348508
G,0.2735454243563795,0.24564568270585208
C,0.24550295876015407,0.27409806698682687
